accession_number,filename,file_date,file_type,cik
000119312519174898,d764072d425.htm,2019-06-17,425,0001047122
000091957420005486,d8592099_pos-am.htm,2020-08-21,POS AM,0001720161
000091957420005902,d8614655_pos-am.htm,2020-09-17,POS AM,0001720161
000091957420004285,d8562275_424b1.htm,2020-06-25,424B1,0001720161
000091957420003983,d8531288_f-1.htm,2020-06-05,F-1,0001720161
000091957420004251,d8559410a_f1-a.htm,2020-06-23,F-1/A,0001720161
000091957420004233,d8559410_f1-a.htm,2020-06-22,F-1/A,0001720161
000147793220005055,ryce_20f.htm,2020-08-19,20-F,0001552448
000160448120000004,a20f2019.htm,2020-04-29,20-F,0001604481
000091957421002141,d8808897_f-1.htm,2021-03-01,F-1,0001640043
000114036121014948,brhc10022989_20f.htm,2021-04-29,20-F,0001000177
000091957421003149,d8847036_20-f.htm,2021-04-29,20-F,0001578453
000160448121000005,eurn-20201231.htm,2021-04-15,20-F,0001604481
000121390021039928,filename1.htm,2021-08-03,DRS,0001871983
000121390021052722,ff42021_anghami.htm,2021-10-14,F-4,0001871983
000121390021049194,filename1.htm,2021-09-22,DRS/A,0001871983
000121390021055237,prem14a_vistasmediaacq.htm,2021-10-29,PREM14A,0001810491
000121390021055105,ff42021a1_anghamiinc.htm,2021-10-28,F-4/A,0001871983
000121390021064596,ff42021a4_anghami.htm,2021-12-10,F-4/A,0001871983
000121390021066051,f424b31221_anghami.htm,2021-12-17,424B3,0001871983
000121390021061407,ff42021a2_anghami.htm,2021-11-23,F-4/A,0001871983
000121390021066110,defm14a_vistasmediaacq.htm,2021-12-20,DEFM14A,0001810491
000121390021064698,prer14a_vistasmediaacq.htm,2021-12-10,PRER14A,0001810491
000121390021061586,prer14a_vistasmediaacq.htm,2021-11-23,PRER14A,0001810491
000121390022026509,f20f2021_anghamiinc.htm,2022-05-13,20-F,0001871983
000121390022032519,f424b30622_anghami.htm,2022-06-13,424B3,0001871983
000121390022027851,ff12022a2_anghami.htm,2022-05-18,F-1/A,0001871983
000121390022031510,ff12022a3_anghami.htm,2022-06-07,F-1/A,0001871983
000121390022010378,ff12022a1_anghami.htm,2022-03-02,F-1/A,0001871983
000121390022007618,ff12022_anghami.htm,2022-02-14,F-1,0001871983
000121390022062424,filename1.htm,2022-10-06,DRS,0001948292
000119312522213276,d570153dex991.htm,2022-08-05,EX-99.1,0001370431
000110465923120104,tm2331098d1_6k.htm,2023-11-21,6-K,0001927719
000110465923120106,tm2331098d2_424b3.htm,2023-11-21,424B3,0001927719
000121390023079572,ff42023_deltacorp.htm,2023-09-26,F-4,0001948292
000121390023025377,filename1.htm,2023-03-31,DRS/A,0001948292
000091957424002806,d11047344_ex99-2.htm,2024-05-09,EX-99.2,0001655891
000165589124000032,q22024announcementvf.pdf,2024-08-15,EX-99.1,0001655891
000149315224019910,form10-q.htm,2024-05-15,10-Q,0001211805
000149315224021989,form6-k.htm,2024-05-30,6-K,0001595353
000149315224030265,form10-q.htm,2024-08-05,10-Q,0001433607
000177225324000025,a6kcoverflexconstellationt.htm,2024-11-29,6-K,0001772253
000149315224045931,form10-q.htm,2024-11-14,10-Q,0001211805
000149315224031274,form10-q.htm,2024-08-12,10-Q,0001211805
000091957424003358,d11062298_ex99-1.htm,2024-05-29,EX-99.1,0001655891
000091957424003533,dd11068636_ex99-1.htm,2024-06-07,EX-99.1,0001655891
000119312524056964,d803481dex991.htm,2024-03-04,EX-99.1,0001768267
000091957424004831,d11452158_ex99-1.htm,2024-08-23,EX-99.1,0001655891
000149315224018889,form10-q.htm,2024-05-13,10-Q,0001433607
000114036124021068,ny20027239x2_defa14a.htm,2024-04-22,DEFA14A,0001326200
000091957424002182,d11012686_ex99-1.htm,2024-03-26,EX-99.1,0001655891
000117891324002662,exhibit_99-2.htm,2024-08-15,EX-99.2,0001801834
000192844624000014,grnt-20240404xexx991.htm,2024-04-04,EX-99.1,0001928446
000091957424002434,d11025685_ex99-3.htm,2024-04-09,EX-99.3,0001655891
000119312524153066,d845167dex991.htm,2024-06-03,EX-99.1,0001655891
000091957424002434,d11025685_ex99-2.htm,2024-04-09,EX-99.2,0001655891
000091957424006213,d11522230_ex99-1.htm,2024-11-07,EX-99.1,0001655891
000121390024075069,ea021316001ex99-2_parazero.htm,2024-09-03,EX-99.2,0001916241
000117891324001744,exhibit_99-2.htm,2024-05-15,EX-99.2,0001801834
000091957424004831,d11452158_ex99-2.htm,2024-08-23,EX-99.2,0001655891
000091957424002000,d11001736_ex99-1.htm,2024-03-12,EX-99.1,0001655891
000091957424006047,d11509649_ex99-2.htm,2024-10-28,EX-99.2,0001655891
000095015724001551,form6-k.htm,2024-11-20,6-K,0001386716
000091957424003310,d11057781_ex99-1.htm,2024-05-23,EX-99.1,0001655891
000091957424005597,d11485159_ex99-1.htm,2024-09-25,EX-99.1,0001655891
000091957424007167,d11551777_ex99-1.htm,2024-12-18,EX-99.1,0001655891
000091957424003210,d11052238_ex99-1.htm,2024-05-15,EX-99.1,0001655891
000091957424002484,d11027877_ex99-1.htm,2024-04-11,EX-99.1,0001655891
000095015724000796,form6-k.htm,2024-05-23,6-K,0001386716
000091957424005772,d11494490_ex99-1.htm,2024-10-07,EX-99.1,0001655891
000091957424001921,d10998583_ex99-2.htm,2024-03-07,EX-99.2,0001655891
000091957424003648,d11074314_ex99-1.htm,2024-06-13,EX-99.1,0001655891
000091957424006163,d11515102_ex99-1.htm,2024-11-04,EX-99.1,0001655891
000091957424004164,d11433177_ex99-1.htm,2024-07-30,EX-99.1,0001655891
000095015724000171,form6-k.htm,2024-02-13,6-K,0001386716
000091957424002679,d11039765_ex99-1.htm,2024-04-26,EX-99.1,0001655891
000091957424006047,dd11509649_ex99-3.htm,2024-10-28,EX-99.3,0001655891
000091957424003533,d11068636_ex99-2.htm,2024-06-07,EX-99.2,0001655891
000091957424006047,d11509649_ex99-1.htm,2024-10-28,EX-99.1,0001655891
000091957424004031,d11414746_ex99-1.htm,2024-07-15,EX-99.1,0001655891
000091957424003755,d11077275_ex99-1.htm,2024-06-20,EX-99.1,0001655891
000091957424002434,d11025685_ex99-1.htm,2024-04-09,EX-99.1,0001655891
000091957424002145,d11010338_ex99-1.htm,2024-03-22,EX-99.1,0001655891
000119312524150600,d641482dex991.htm,2024-05-31,EX-99.1,0001655891
000091957424002096,d11006717_ex99-1.htm,2024-03-19,EX-99.1,0001655891
000121390024065360,ea021035601ex99-3_beamr.htm,2024-08-06,EX-99.3,0001899005
000091957424005369,d11456449_ex99-1.htm,2024-09-03,EX-99.1,0001655891
000091957424005486,d11475503_ex99-1.htm,2024-09-12,EX-99.1,0001655891
000091957424006925,d11538404_ex99-1.htm,2024-11-27,EX-99.1,0001655891
000159653224000173,anet-20240331.htm,2024-05-08,10-Q,0001596532
000121390024113555,ea022610402-6k_xtlbio.htm,2024-12-30,6-K,0001023549
000119312524233891,d869370dex991.htm,2024-10-07,EX-99.1,0001768267
000159653224000171,ex991q124-earningsrelease.htm,2024-05-07,EX-99.1,0001596532
000119312524174406,d860175dex991.htm,2024-07-02,EX-99.1,0001768267
000159653224000041,ex991q423-earningsrelease.htm,2024-02-12,EX-99.1,0001596532
000121390024042015,ea0205870-6k_xtlbiophar.htm,2024-05-13,6-K,0001023549
000117891324003823,exhibit_2.htm,2024-11-25,EX-99,0001498403
000148393424000039,q12024earnings-exhibit991.htm,2024-05-09,EX-99.1,0001483934
000119312524018111,d890653dex991.htm,2024-01-29,EX-99.1,0000017843
000121390024113540,ea022610401-6k_xtlbio.htm,2024-12-30,6-K,0001023549
000119312524246616,d901819dex991.htm,2024-10-29,EX-99.1,0000017843
000095015724000422,form6-k.htm,2024-03-15,6-K,0001386716
000119312524018118,d917906dex991.htm,2024-01-29,EX-99.1,0000017843
000119312524130676,d825973dex991.htm,2024-05-03,EX-99.1,0000017843
000159653224000279,anet-20240630.htm,2024-07-31,10-Q,0001596532
000117891324002990,exhibit_99-2.htm,2024-09-06,EX-99.2,0001915403
000117891324001623,exhibit_99-1.htm,2024-05-08,EX-99.1,0001504379
000091957424001843,d10992818_6k.htm,2024-03-01,6-K,0000913290
000117891324001842,exhibit_3.htm,2024-05-28,EX-99.3,0001498403
000091957424001853,d10993883_6k.htm,2024-03-01,6-K,0001000177
000155837024007375,gnk-20240331x10q.htm,2024-05-08,10-Q,0001326200
000119312524187545,d873646dex991.htm,2024-07-29,EX-99.1,0000017843
000119312524127552,d827133dposam.htm,2024-05-01,POS AM,0001951067
000149315224035476,form424b3.htm,2024-09-09,424B3,0001595353
000155837024014664,gnk-20240930x10q.htm,2024-11-06,10-Q,0001326200
000159653224000277,ex991q224-earningsrelease.htm,2024-07-30,EX-99.1,0001596532
000148393424000056,q22024earnings-exhibit991.htm,2024-07-30,EX-99.1,0001483934
000149315224024030,form424b3.htm,2024-06-17,424B3,0001211805
000159653224000043,anet-20231231.htm,2024-02-13,10-K,0001596532
000165589124000015,trmd07-2024annualreport2.htm,2024-03-07,EX-99.1,0001655891
000119312524274346,d913472dposam.htm,2024-12-10,POS AM,0001951067
000117891324002453,exhibit_99-1.htm,2024-08-07,EX-99.1,0001504379
000117891324002633,exhibit_3.htm,2024-08-15,EX-3,0001498403
000119312524127544,d820048dposam.htm,2024-05-01,POS AM,0001951067
000149315224044578,form10-q.htm,2024-11-12,10-Q,0001433607
000121390024097877,ea0220562-10q_actelis.htm,2024-11-14,10-Q,0001141284
000119312524127549,d818858dposam.htm,2024-05-01,POS AM,0001951067
000155837024011391,gnk-20240630x10q.htm,2024-08-07,10-Q,0001326200
000119312524274342,d852047dposam.htm,2024-12-10,POS AM,0001951067
000117891324003637,exhibit_99-1.htm,2024-11-13,EX-99.1,0001504379
000121390024095441,ea022023401ex99-1_valens.htm,2024-11-07,EX-99.1,0001863006
000119312524274349,d831445dposam.htm,2024-12-10,POS AM,0001951067
000119312524246614,d899707dex991.htm,2024-10-29,EX-99.1,0000017843
000119312524135028,d819939dex993.htm,2024-05-09,EX-99.3,0001768267
000121390024083459,ea021461801ex99-2_jeffs.htm,2024-09-30,EX-99.2,0001885408
000117891324003823,exhibit_3.htm,2024-11-25,EX-99,0001498403
000121390024042456,ea0205654-10q_charging.htm,2024-05-14,10-Q,0001459188
000119312524130672,d631283dex991.htm,2024-05-03,EX-99.1,0000017843
000192844624000021,grnt-20240509xexx991.htm,2024-05-09,EX-99.1,0001928446
000149315224034598,formf-1.htm,2024-08-30,F-1,0001595353
000117891324002990,exhibit_99-3.htm,2024-09-06,EX-99.3,0001915403
000121390024068236,ea0209953-10q_charging.htm,2024-08-13,10-Q,0001459188
000117891324003980,zk2432458.htm,2024-12-12,424B3,0001801834
000119312524187540,d817637dex991.htm,2024-07-29,EX-99.1,0000017843
000095017024056266,crnc-ex99_1.htm,2024-05-09,EX-99.1,0001768267
000095017024093306,crnc-ex99_1.htm,2024-08-08,EX-99.1,0001768267
000095017024011536,crnc-ex99_1.htm,2024-02-06,EX-99.1,0001768267
000131786124000025,f52124edry6k.htm,2024-05-21,6-K,0001731388
000148393424000009,q42023earnings-exhibit991.htm,2024-02-14,EX-99.1,0001483934
000110465924116850,tm2427937d1_ex99-1.htm,2024-11-12,EX-99.1,0001369241
000110465924110444,tm2426285d1_6k.htm,2024-10-22,6-K,0000352960
000192844624000035,grnt-20240808xexx991.htm,2024-08-08,EX-99.1,0001928446
000192844624000044,grnt-20241107xexx991.htm,2024-11-07,EX-99.1,0001928446
000141057824001734,mbly-20240928x10q.htm,2024-10-31,10-Q,0001910139
000104360424000009,jnpr-20231231ex991.htm,2024-01-30,EX-99.1,0001043604
000121390024084684,ea021604001ex99-1_silynx.htm,2024-10-02,EX-99.1,0001976443
000149315224022548,forms-3.htm,2024-06-04,S-3,0001211805
000110465924065636,tm2415359d2_ex99-1.htm,2024-05-28,EX-99.1,0001369241
000082148324000010,a20240331991earningsreleas.htm,2024-05-07,EX-99.1,0000821483
000110465924005830,tm243499d1_6k.htm,2024-01-23,6-K,0000352960
000091957424002806,d11047344_ex99-1.htm,2024-05-09,EX-99.1,0001655891
000165589124000031,trmd-20240630_d2.htm,2024-08-15,EX-99.1,0001655891
000095015724001066,exhibit992.htm,2024-08-08,EX-99.2,0001386716
000117891324003929,zk2432407.htm,2024-12-06,F-3,0001801834
000155837024001857,gnk-20231231x10k.htm,2024-02-27,10-K,0001326200
000082148324000018,a20240630991earningsreleas.htm,2024-08-06,EX-99.1,0000821483
000192844624000003,grnt-20231231xexx991.htm,2024-03-07,EX-99.1,0001928446
000110465924086302,dac-20240630xex99d1.htm,2024-08-06,EX-99.1,0001369241
000114036124021754,ef20027555_defa14a.htm,2024-04-24,DEFA14A,0001326200
000139834424011379,fp0088054-1_ncsr.htm,2024-06-07,N-CSR,0001888997
000121390024022842,ea0201842-f3_railvision.htm,2024-03-15,F-3,0001743905
000149315224029747,forms-1.htm,2024-07-31,S-1,0000797542
000095015724000796,ex99-2.htm,2024-05-23,EX-99.2,0001386716
000091957424003387,d11063253_6k.htm,2024-05-31,6-K,0000913290
000121390024061113,ea0208943-f1_silynxcom.htm,2024-07-15,F-1,0001976443
000082148324000025,a20240930991earningsreleas.htm,2024-11-05,EX-99.1,0000821483
000121390024043030,ea0205455-10q_actelisnet.htm,2024-05-14,10-Q,0001141284
000155837024014528,asc-20241130xex99d1.htm,2024-11-06,EX-99.1,0001577437
000131786124000040,f80624esea6k.htm,2024-08-06,6-K,0001341170
000082148324000003,a20231231991earningsreleas.htm,2024-02-28,EX-99.1,0000821483
000121390024055260,filename1.htm,2024-06-24,DRS,0001976443
000198773124000008,wti-20240331.htm,2024-05-13,10-Q,0001987731
000119312524110086,d647646dars.pdf,2024-04-24,ARS,0001596532
000114036124036408,ef20030922_ex99-2.htm,2024-08-08,EX-99.2,0001912847
000095015724001551,ex99-2.htm,2024-11-20,EX-99.2,0001386716
000155837024007202,asc-20240508xex99d1.htm,2024-05-08,EX-99.1,0001577437
000121390024109395,ea0224744-f3_jeffsbrands.htm,2024-12-16,F-3,0001885408
000110465924039663,tm244477d2_ars.pdf,2024-03-27,ARS,0001693256
000121390024021051,ea0201216-f3_beamrimag.htm,2024-03-08,F-3,0001899005
000121390024045958,ea0206692-424b3_neurosense.htm,2024-05-22,424B3,0001875091
000121390024110177,ea0225195-f3_jeffsbrands.htm,2024-12-18,F-3,0001885408
000095015724000171,ex99-1.htm,2024-02-13,EX-99.1,0001386716
000117891324003893,zk2432420.htm,2024-12-02,POS AM,0001534248
000155837024001437,wttr-20231231x10k.htm,2024-02-21,10-K,0001693256
000121390024015342,ea0200175-f3_jeffsbrands.htm,2024-02-20,F-3,0001885408
000117891324000782,zk2431068.htm,2024-03-01,F-3,0001574565
000155837024014644,pahc-20240930x10q.htm,2024-11-06,10-Q,0001069899
000155837024001198,asc-20240215xex99d1.htm,2024-02-15,EX-99.1,0001577437
000155837024010426,asc-20240731xex99d1.htm,2024-07-31,EX-99.1,0001577437
000110465924061971,tm2413073d3_424b7.htm,2024-05-15,424B7,0001679049
000145493824000074,outbrain-20240331.htm,2024-05-09,10-Q,0001454938
000121390024076706,ea0213161-posam_mobilicom.htm,2024-09-09,POS AM,0001898643
000110465924066663,tm2413073d4_424b7.htm,2024-05-30,424B7,0001679049
000121390024075083,ea0212120-posam2_parazero.htm,2024-09-03,POS AM,0001916241
000110465924055743,tm2413073d1_424b7.htm,2024-05-01,424B7,0001679049
000121390024080822,ea0215338-posam_wearable.htm,2024-09-23,POS AM,0001887673
000110465924059354,tm2413073d2_424b7.htm,2024-05-09,424B7,0001679049
000182072124000049,arry-20240331.htm,2024-05-09,10-Q,0001820721
000121390024052520,ea0207818-f1_wearable.htm,2024-06-14,F-1,0001887673
000121390024069173,ea0211159-10q_actelisnet.htm,2024-08-14,10-Q,0001141284
000119312524210416,d837964dex993.htm,2024-08-30,EX-99.3,0001328919
000117891324003107,zk2432041.htm,2024-09-20,F-3,0001801834
000121390024081018,ea0215332-posam_wearable.htm,2024-09-23,POS AM,0001887673
000121390024076549,ea0213756-424b3_canfite.htm,2024-09-06,424B3,0001536196
000121390024030479,ea0203318-01.htm,2024-04-04,POS AM,0001875091
000117891324000923,zk2431131.htm,2024-03-13,POS AM,0001801834
000121390024032611,ea0203730-20fa1_celleb.htm,2024-04-12,20-F/A,0001854587
000117891324001152,zk2431208.htm,2024-03-28,424B5,0001574565
000103089424000015,cls-20240331xmda.htm,2024-04-25,EX-99.1,0001030894
000091957424006923,d11538400_ex99-1.htm,2024-11-27,EX-99.1,0001029145
000091957424003304,d11057061_ex99-1.htm,2024-05-22,EX-99.1,0001029145
000121390024055440,ea0208344-424b5_saverone.htm,2024-06-25,424B5,0001894693
000091957424004976,d11454171_ex99-1.htm,2024-08-28,EX-99.1,0001029145
000121390024025599,ea0202478-f1_mobilicom.htm,2024-03-25,F-1,0001898643
000149315224042692,form424b3.htm,2024-10-28,424B3,0001595353
000091957424001921,d10998583_ex99-1.htm,2024-03-07,EX-99.1,0001655891
000121390024079911,ea0214210-s3_actelisnet.htm,2024-09-18,S-3,0001141284
000103089424000020,cls-20240630xmda.htm,2024-07-25,EX-99.1,0001030894
000121390024041733,ea0205085-f1_neurosense.htm,2024-05-10,F-1,0001875091
000121390024045192,ea0206374-f1a1_neurosense.htm,2024-05-20,F-1/A,0001875091
000158064224001847,ebs_ncsrs.htm,2024-03-28,N-CSRS,0001606378
000121390024098523,ea0221025-10q_biomxinc.htm,2024-11-14,10-Q,0001739174
000162828024036288,scq220246-k.htm,2024-08-09,6-K,0001794846
000117891324003001,zk2432003.htm,2024-09-09,424B3,0001534248
000149315224041089,form424b5.htm,2024-10-15,424B5,0001866030
000110465924062019,tm2412517-1_s3asr.htm,2024-05-15,S-3ASR,0001984060
000162828024023279,scq120246-k.htm,2024-05-14,6-K,0001794846
000121390024097439,ea0220748-10q_charging.htm,2024-11-13,10-Q,0001459188
000103089424000026,cls-20240930xmda.htm,2024-10-23,EX-99.1,0001030894
000110465924050398,tm2412087d1_6k.htm,2024-04-23,6-K,0000352960
000149315224018632,form10-q.htm,2024-05-10,10-Q,0000075208
000088847124000006,c471-20240331x10q.htm,2024-05-14,10-Q,0000888471
000155837024003409,asc-20231231x20f.htm,2024-03-15,20-F,0001577437
000192844624000009,grnt-20231231.htm,2024-03-08,10-K,0001928446
000155837024007200,asc-20240331x6k.htm,2024-05-08,6-K,0001577437
000121390024103764,ea022285901ex99-2_scisparc.htm,2024-11-29,EX-99.2,0001611746
000149315224041776,formf-1.htm,2024-10-21,F-1,0001595353
000121390024111255,ea0225324-424b3_saverone.htm,2024-12-20,424B3,0001894693
000110465924053498,tm2412788d1_s3.htm,2024-04-29,S-3ASR,0001679049
000177225324000020,q22024flexpr.htm,2024-08-14,EX-99.1,0001772253
000121390024065937,ea0210789-424b3_saverone.htm,2024-08-07,424B3,0001894693
000149315224050139,form424b5.htm,2024-12-16,424B5,0001866030
000114036124036640,ef20031282_6k.htm,2024-08-09,6-K,0001296484
000128987724000030,sfl6k-march312024form6xkdo.htm,2024-05-28,6-K,0001289877
000177225324000018,q12024flexpr.htm,2024-05-23,EX-99.1,0001772253
000121390024094599,ea0219925-f1a1_icecure.htm,2024-11-05,F-1/A,0001584371
000148393424000025,stng-20231231.htm,2024-03-22,20-F,0001483934
000110465924073783,tm2415359d4_ex99-3.htm,2024-06-21,EX-99.3,0001369241
000149315224039197,form424b5.htm,2024-10-02,424B5,0001866030
000121390024083478,ea0203318-02.htm,2024-10-01,POS AM,0001875091
000121390024074545,ea0211728-f3_canfite.htm,2024-08-30,F-3,0001536196
000121390024087803,ea0217448-f1_icecure.htm,2024-10-15,F-1,0001584371
000121390024095643,ea0220453-f1a2_icecure.htm,2024-11-08,F-1/A,0001584371
000198773124000014,wti-20240630.htm,2024-08-13,10-Q,0001987731
000162828024049332,scq320246-k.htm,2024-11-27,6-K,0001794846
000139834424011448,fp0088609-1_ncsr.htm,2024-06-07,N-CSR,0001003632
000121390024030451,ea0203321-posam_neurosense.htm,2024-04-04,POS AM,0001875091
000121390024070237,ea0211530-424b5_neurosense.htm,2024-08-16,424B5,0001875091
000119312524118756,d761258d20f.htm,2024-04-29,20-F,0001328919
000155837024006399,wttr-20240331x10q.htm,2024-05-01,10-Q,0001693256
000117891324002748,zk2431902.htm,2024-08-23,F-3,0001534248
000095017024021342,aesi-20231231.htm,2024-02-27,10-K,0001984060
000155837024010428,asc-20240630x6k.htm,2024-07-31,6-K,0001577437
000162828024011260,atco-20231231.htm,2024-03-14,20-F,0001794846
000091957424006269,d11528458_ex99-1.htm,2024-11-12,EX-99.1,0001772253
000162828024022684,atlascorpq120246-k.htm,2024-05-10,6-K,0001794846
000165589124000037,q32024report.pdf,2024-11-07,EX-99.1,0001655891
000117891324002769,zk2431918.htm,2024-08-26,424B5,0001574565
000121390024032578,ea0203721-424b5_neurosense.htm,2024-04-12,424B5,0001875091
000159653224000368,anet-20240930.htm,2024-11-08,10-Q,0001596532
000139834424009063,fp0087616-1_ncsr.htm,2024-05-09,N-CSR,0001627853
000117891324002812,zk2431936.htm,2024-08-27,POS AM,0001801834
000121390024041428,ea0205677-f1a2_wearable.htm,2024-05-10,F-1/A,0001887673
000121390024081873,ea0214917-424b5_actelis.htm,2024-09-25,424B5,0001141284
000117891324003325,zk2432143.htm,2024-10-16,424B5,0001801834
000145493824000157,outbrain-20240630.htm,2024-08-08,10-Q,0001454938
000162828024036286,atlascorpq220246-k.htm,2024-08-09,6-K,0001794846
000128987724000052,sfl-q3financialsform6xkdoc.htm,2024-11-07,6-K,0001289877
000155837024014529,asc-20240930x6k.htm,2024-11-06,6-K,0001577437
000117891324001355,zk2431306.htm,2024-04-17,424B4,0001801834
000110465924029397,dac-20231231x20f.htm,2024-02-29,20-F,0001369241
000114576524000006,c765-20240331x10q.htm,2024-05-14,10-Q,0001145765
000101376224001331,ea0209982-f1_saverone.htm,2024-07-26,F-1,0001894693
000155837024010486,wttr-20240630x10q.htm,2024-07-31,10-Q,0001693256
000187278924000006,embc-20231231.htm,2024-02-09,10-Q,0001872789
000149315224045726,form10-q.htm,2024-11-14,10-Q,0001326706
000162828024022569,tnk6-kq1x24.htm,2024-05-10,6-K,0001419945
000128987724000042,sfl-20240630.htm,2024-08-21,6-K,0001289877
000149315224022218,form424b5.htm,2024-05-31,424B5,0001433607
000145493824000058,obars2023.pdf,2024-04-26,ARS,0001454938
000121390024064178,ea0210377-424b5_steakhold.htm,2024-08-01,424B5,0001828098
000121390024106549,ea0223580-f1_saverone.htm,2024-12-06,F-1,0001894693
000088847124000013,c471-20240630x10q.htm,2024-08-13,10-Q,0000888471
000187278924000019,embc-20240331.htm,2024-05-09,10-Q,0001872789
000139834424014249,fp0088814-3_ncsrs.htm,2024-08-09,N-CSRS,0001506488
000121390024079519,ea0214776-424b5_reeauto.htm,2024-09-17,424B5,0001843588
000121390024034984,ea020433001ex99-4_ilearn.htm,2024-04-22,EX-99.4,0001835972
000121390024025552,ea0202488-posam_saverone.htm,2024-03-25,POS AM,0001894693
000162828024049331,atlascorpq320246-k.htm,2024-11-27,6-K,0001794846
000119312524211141,d846278dex993.htm,2024-08-30,EX-99.3,0001876581
000145493824000024,outbrain-20231231.htm,2024-03-08,10-K,0001454938
000117891324001173,zk2431107.htm,2024-04-01,424B5,0001498403
000117891324000788,zk2431075.htm,2024-03-01,F-1,0001801834
000117891324001312,zk2431283.htm,2024-04-15,F-1/A,0001801834
000149315224046041,formf-3.htm,2024-11-14,F-3,0001595353
000144554624001966,dali_ncsr.htm,2024-03-11,N-CSR,0001552740
000121390024114101,ea0224114-f1a1_hubcyber.htm,2024-12-31,F-1/A,0001905660
000121390024030835,ea0203149-posam_canfite.htm,2024-04-05,POS AM,0001536196
000187278924000028,embc-20240630.htm,2024-08-09,10-Q,0001872789
000144554624001970,etf7_ncsr.htm,2024-03-11,N-CSR,0001561785
000121390024078599,ea0213431-f1_hubcyber.htm,2024-09-13,F-1,0001905660
000149315224020125,form10-q.htm,2024-05-16,10-Q,0001096275
000198773124000016,wti-20240930.htm,2024-11-13,10-Q,0001987731
000139834424014242,fp0088813-3_ncsrs.htm,2024-08-09,N-CSRS,0001400897
000121390024103766,ea0223074-425_scisparc.htm,2024-11-29,425,0001611746
000091957424005703,d11438968_f3-asr.htm,2024-10-02,F-3ASR,0001772253
000121390024074542,ea0212361-posam_canfite.htm,2024-08-30,POS AM,0001536196
000162828024034319,tnk6-kq2x24.htm,2024-08-02,6-K,0001419945
000114576524000014,c765-20240930x10q.htm,2024-11-13,10-Q,0001145765
000114036124015921,ef20015302_20f.htm,2024-03-28,20-F,0001481241
000095015724000400,sblk-20231231.htm,2024-03-13,20-F,0001386716
000114036124033061,ny20032299x1_f3.htm,2024-07-12,F-3,0001448397
000121390024074538,ea0212645-424b5_canfite.htm,2024-08-30,424B5,0001536196
000114036124016974,ny20025418x1_posam.htm,2024-04-01,POS AM,0001912847
000088847124000015,c471-20240930x10q.htm,2024-11-13,10-Q,0000888471
000110465924087463,eco-20240630xex99d2.htm,2024-08-09,EX-99.2,0001964954
000110465924080059,sek-20240630x6k.htm,2024-07-16,6-K,0000352960
000141994524000010,tnk6-kq3x24.htm,2024-11-01,6-K,0001419945
000121390024037798,ea0204848-20f_silynxcom.htm,2024-04-30,20-F,0001976443
000114036124036451,ef20031068_ex99-2.htm,2024-08-09,EX-99.2,0001448397
000149315224032148,form10-q.htm,2024-08-14,10-Q,0001789192
000089992324000026,mygn-20240331.htm,2024-05-08,10-Q,0000899923
000114576524000010,c765-20240630x10q.htm,2024-08-13,10-Q,0001145765
000149315224045105,form10-q.htm,2024-11-13,10-Q,0001096275
000146891024000009,c910-20240331x10q.htm,2024-05-14,10-Q,0001468910
000182072124000011,arry-20231231.htm,2024-02-28,10-K,0001820721
000149315224031589,form10-q.htm,2024-08-13,10-Q,0001096275
000143774924036313,znog20241122_s3.htm,2024-11-27,S-3,0001131312
000144554624001974,etf5_ncsr.htm,2024-03-11,N-CSR,0001549548
000114036124016527,ef20015320_20f.htm,2024-03-29,20-F,0001296484
000155837024011806,apre-20240630x10q.htm,2024-08-12,10-Q,0001781983
000103089424000003,cls20231231prfs.htm,2024-01-30,EX-99.1,0001030894
000095017024103735,mei-20240727.htm,2024-09-05,10-Q,0000065270
000121390024024842,ea0201883-posam_parazero.htm,2024-03-21,POS AM,0001916241
000121390024018620,ea0200914-424b5_reeauto.htm,2024-02-29,424B5,0001843588
000119312524094635,d708015d20f.htm,2024-04-12,20-F,0001876581
000121390024101629,ea0222133-424b3_neuro.htm,2024-11-22,424B3,0001875091
000185781624000124,gct-20240331.htm,2024-05-09,10-Q,0001857816
000162363224000661,fctiii1748-form.htm,2024-05-29,N-CSR,0001411674
000117891324000993,zk2431136.htm,2024-03-20,20-F,0000897322
000124342924000052,mt-20240630.htm,2024-08-02,6-K,0001243429
000155837024014767,apre-20240930x10q.htm,2024-11-07,10-Q,0001781983
000141057824000314,audc-20231231x20f.htm,2024-03-27,20-F,0001086434
000114036124034326,ef20031107_6k.htm,2024-07-26,6-K,0001481241
000121390024019577,ea0201123-424b5_reeauto.htm,2024-03-04,424B5,0001843588
000121390024108444,ea0224621-424b3_neuro.htm,2024-12-12,424B3,0001875091
000095017024057817,frog-20240331.htm,2024-05-10,10-Q,0001800667
000149315224045890,form10-q.htm,2024-11-14,10-Q,0001789192
000121390024037717,ea0204561-20f_xtlbiopharma.htm,2024-04-30,20-F,0001023549
000114036124036475,ny20031870x2_ex99-3.htm,2024-08-09,EX-99.3,0001503584
000121390024067989,ea0210792-10q_moringa.htm,2024-08-13,10-Q,0001835416
000089853124000208,nf-ncsraa.htm,2024-06-03,N-CSR/A,0001002537
000089853124000144,nf-ncsra.htm,2024-03-08,N-CSR,0001002537
000114036124027446,ny20029887x1_424b5.htm,2024-05-24,424B5,0001296484
000159699324000010,lpg-20231231x10q.htm,2024-02-01,10-Q,0001596993
000095017024124110,frog-20240930.htm,2024-11-08,10-Q,0001800667
000110465924032589,tm248341-1_s3.htm,2024-03-11,POS AM,0001928446
000155837024002108,insw-20231231x10k.htm,2024-02-29,10-K,0001679049
000102914524000018,gogl-20240630.htm,2024-09-05,6-K,0001029145
000155837024007204,insw-20240331x10q.htm,2024-05-08,10-Q,0001679049
000146891024000014,c910-20240630x10q.htm,2024-08-13,10-Q,0001468910
000144554624002055,ffa_ncsra.htm,2024-03-14,N-CSR/A,0001291334
000171731024000020,vll9q42023_workviafinalx3.pdf,2024-04-04,ARS,0001717310
000001784324000017,crs-20240930.htm,2024-10-24,10-Q,0000017843
000110465924052555,dlng-20231231x20f.htm,2024-04-26,20-F,0001578453
000005697824000099,klic-20240629.htm,2024-08-07,10-Q,0000056978
000192844624000046,grnt-20240930.htm,2024-11-07,10-Q,0001928446
000091329024000002,fro-20231231.htm,2024-04-26,20-F,0000913290
000149315224031032,partiiandiii.htm,2024-08-09,PART II AND III,0001096275
000144554624001968,etf1_ncsr.htm,2024-03-11,N-CSR,0001329377
000088847124000002,c471-20231231x10k.htm,2024-03-29,10-K,0000888471
000095015724001066,sblk-20240630.htm,2024-08-08,6-K,0001386716
000185781624000182,gct-20240630.htm,2024-08-06,10-Q,0001857816
000119312524176334,d833535dncsr.htm,2024-07-08,N-CSR,0000830744
000144554624001977,ffa_ncsr.htm,2024-03-11,N-CSR,0001291334
000149315224028731,partiiandiii.htm,2024-07-22,PART II AND III,0001096275
000149315224028823,partiiandiii.htm,2024-07-23,PART II AND III,0001096275
000121390024100165,ea0221577-f1_neuro.htm,2024-11-19,F-1,0001875091
000114036124034665,ny20029117x3_ars.pdf,2024-07-29,ARS,0000065270
000095017024093979,frog-20240630.htm,2024-08-08,10-Q,0001800667
000121390024106506,ea0223814-f3_neuro.htm,2024-12-06,F-3,0001875091
000110465924054337,eco-20231231x20f.htm,2024-04-30,20-F,0001964954
000139834424006941,fp0087217-1_ncsr.htm,2024-04-08,N-CSR,0000701939
000119312524218911,d825448dars.pdf,2024-09-13,ARS,0000017843
000192844624000023,grnt-20240331.htm,2024-05-09,10-Q,0001928446
000114036124016465,ef20024929_20f.htm,2024-03-29,20-F,0001503584
000001784324000014,crs-20240630.htm,2024-08-13,10-K,0000017843
000149315224024433,ex99-1.htm,2024-06-20,EX-99.1,0001902794
000185781624000213,gct-20240930.htm,2024-11-07,10-Q,0001857816
000117891324003686,zk2432270.htm,2024-11-14,10-Q,0002022416
000149315224034638,partiiandiii.htm,2024-08-30,PART II AND III,0001096275
000121390024081445,ea0215368-posam_clearmind.htm,2024-09-24,POS AM,0001892500
000146891024000016,c910-20240930x10q.htm,2024-11-13,10-Q,0001468910
000149315224009567,form10-k.htm,2024-03-11,10-K,0000075208
000121390024046302,ea0206597-10q_gamidacell.htm,2024-05-23,10-Q,0001600847
000114576524000002,c765-20231231x10k.htm,2024-03-29,10-K,0001145765
000103764624000007,mtd-20231231.htm,2024-02-09,10-K,0001037646
000114576524000004,c765-20231231x10ka.htm,2024-04-02,10-K/A,0001145765
000192844624000037,grnt-20240630.htm,2024-08-08,10-Q,0001928446
000095017024082852,mei-20240427.htm,2024-07-11,10-K,0000065270
000121390024112695,ea0226024-f3_neurosense.htm,2024-12-26,F-3,0001875091
000155837024014765,insw-20240930x10q.htm,2024-11-07,10-Q,0001679049
000095017024009819,extr-20231231.htm,2024-02-01,10-Q,0001078271
000095017024027907,acu-20231231.htm,2024-03-07,10-K,0000002098
000088847124000011,c471-20231231x10ka.htm,2024-07-18,10-K/A,0000888471
000095017024055661,mnkd-20240331.htm,2024-05-08,10-Q,0000899460
000121390024063588,ea0209402-posam_clearmind.htm,2024-07-23,POS AM,0001892500
000121390024099646,ea0221572-f3a1_nlspharm.htm,2024-11-18,F-3/A,0001783036
000149315224011808,form10-k.htm,2024-03-28,10-K,0001096275
000119312524076151,d696831dars.pdf,2024-03-25,ARS,0000002098
000088847124000004,c471-20231231x10ka.htm,2024-04-02,10-K/A,0000888471
000119312524102899,d800736d20f.htm,2024-04-19,20-F,0001166663
000158064224000846,moerus_ncsr.htm,2024-02-08,N-CSR,0001644419
000119312524081672,d910859d424b3.htm,2024-03-29,424B3,0001415311
000171731024000002,vll9-20231231.htm,2024-03-15,10-K,0001717310
000159699324000030,lpg-20240331x10k.htm,2024-05-29,10-K,0001596993
000001784324000006,crs-20240331.htm,2024-05-01,10-Q,0000017843
000095017024050376,ntz-20231231.htm,2024-04-30,20-F,0000900391
000114576524000008,c765-20231231x10ka.htm,2024-07-18,10-K/A,0001145765
000095017024133526,mei-20241102.htm,2024-12-05,10-Q,0000065270
000110465924026782,sek-20231231x20f.htm,2024-02-23,20-F,0000352960
000155837024011212,insw-20240630x10q.htm,2024-08-07,10-Q,0001679049
000149315224011132,form10-k.htm,2024-03-25,10-K,0000797542
000001784324000003,crs-20231231.htm,2024-01-25,10-Q,0000017843
000110465924031663,glop-20221231x20f.htm,2024-03-07,20-F,0001598655
000121390024028253,ea0202280-20f_jeffs.htm,2024-04-01,20-F,0001885408
000117891324003361,zk2432156.htm,2024-10-22,F-3ASR,0001598110
000143774924021478,crws20240331_10k.htm,2024-06-28,10-K,0000025895
000082148324000015,parr-20240331.htm,2024-05-08,10-Q,0000821483
000162828024011401,tnk-20231231.htm,2024-03-15,20-F,0001419945
000095017024093063,talo-20240630.htm,2024-08-08,10-Q,0001724965
000010182924000012,rtx-20240331.htm,2024-04-23,10-Q,0000101829
000121390024025526,ea0201709-20f_mobili.htm,2024-03-25,20-F,0001898643
000162363224000644,form1752fptft.htm,2024-05-28,N-CSR,0001677615
000149315224026185,forms-1.htm,2024-07-03,S-1,0001096275
000121390024039226,ea0205137-posam_scisparc.htm,2024-05-02,POS AM,0001611746
000089710124000136,npk240371_ars.pdf,2024-04-16,ARS,0000080172
000121390024021834,ea0200626-10k_fueldoctor.htm,2024-03-12,10-K,0001459188
000148298124000012,coco-20231231.htm,2024-02-29,10-K,0001482981
000114036124021434,ny20018653x3_ars.pdf,2024-04-23,ARS,0001482981
000149315224012542,form10-k.htm,2024-04-01,10-K,0001211805
000161670724000014,w-20231231.htm,2024-02-22,10-K,0001616707
000119312524123906,d791411d20f.htm,2024-04-30,20-F,0001951067
000095017024092288,mnkd-20240630.htm,2024-08-07,10-Q,0000899460
000149315224043554,formars.pdf,2024-11-04,ARS,0001211805
000119312524210436,d227556dex993.htm,2024-08-30,EX-99.3,0001951067
000117891324001194,zk2431228.htm,2024-04-02,424B5,0001553846
000121390024053324,ea0207956-posam2_scisparc.htm,2024-06-17,POS AM,0001611746
000143774924022222,crowncrafts_ars.pdf,2024-07-05,ARS,0000025895
000119312524204104,d819776dex99i.htm,2024-08-21,EX-99.I,0001144967
000095017024123296,mnkd-20240930.htm,2024-11-07,10-Q,0000899460
000162828024011405,tk-20231231.htm,2024-03-15,20-F,0000911971
000119312524081663,d740797d424b3.htm,2024-03-29,424B3,0001415311
000143774924015856,ora20240331_10q.htm,2024-05-10,10-Q,0001296445
000149315224013211,ex99-1.htm,2024-04-04,EX-99.1,0001992818
000121390024028920,ea020299201ex99-1_keyarch.htm,2024-04-01,EX-99.1,0001865701
000102914524000012,gogl-20231231.htm,2024-03-20,20-F,0001029145
000110465924069138,tm2416394-2_424b5.htm,2024-06-06,424B5,0001596993
000146891024000004,c910-20231231x10ka.htm,2024-04-02,10-K/A,0001468910
000130428024000010,nvl-20231231.htm,2024-02-12,10-Q,0001304280
000121390024028910,ea020299201ex99-1_keyarch.htm,2024-04-01,EX-99.1,0001865701
000114036124012747,ef20015325_20f.htm,2024-03-12,20-F,0001941131
000171731024000032,vll9-20240630.htm,2024-08-13,10-Q,0001717310
000119312524282049,d919691df3asr.htm,2024-12-19,F-3ASR,0001655891
000110465924068692,tm2416394-1_424b5.htm,2024-06-05,424B5,0001596993
000185093824000019,wti-20240930.htm,2024-11-13,10-Q,0001850938
000141057824000252,crgo-20231231x20f.htm,2024-03-21,20-F,0001927719
000146891024000002,c910-20231231x10k.htm,2024-03-29,10-K,0001468910
000121390024028635,ea0202445-10k_american.htm,2024-04-01,10-K,0001487718
000185093824000010,wti-20240331.htm,2024-05-13,10-Q,0001850938
000114036124022947,ef20015371_20f.htm,2024-04-29,20-F,0001000177
000121390024026069,ea0202031-10k_actelis.htm,2024-03-26,10-K,0001141284
000171731024000034,vll9-20240930.htm,2024-11-13,10-Q,0001717310
000114036124017280,ef20015313_20f.htm,2024-04-02,20-F,0001912847
000121390024073359,ea0212644-f1_scisparc.htm,2024-08-28,F-1,0001611746
000185093824000017,wti-20240630.htm,2024-08-13,10-Q,0001850938
000171731024000023,vll9-20240331.htm,2024-05-13,10-Q,0001717310
000165589124000016,trmd2023annualreport-ex99.pdf,2024-03-07,EX-99.1,0001655891
000117891324001397,zk2431315.htm,2024-04-22,20-F,0000928876
000082148324000022,parr-20240630.htm,2024-08-08,10-Q,0000821483
000119312524077304,d745835dncsr.htm,2024-03-26,N-CSR,0000880366
000114036124035804,gsl-20240630.htm,2024-08-06,6-K,0001430725
000168386324009322,f39895d1.htm,2024-12-19,485APOS,0000895430
000160003324000043,elf-20240630.htm,2024-08-09,10-Q,0001600033
000162828024035397,ora-20240630.htm,2024-08-07,10-Q,0001296445
000146891024000012,c910-20231231x10ka.htm,2024-07-18,10-K/A,0001468910
000146891024000006,c910-20231231x10ka.htm,2024-04-03,10-K/A,0001468910
000114036124017470,ef20015287_20f.htm,2024-04-03,20-F,0001448397
000082148324000030,parr-20240930.htm,2024-11-07,10-Q,0000821483
000095017024055827,aesi-20240331.htm,2024-05-08,10-Q,0001984060
000119312524067881,d728718d10k.htm,2024-03-14,10-K,0000850033
000143213324000088,kltr-20231231.htm,2024-02-22,10-K,0001432133
000185458724000018,cele-20231231.htm,2024-03-21,20-F,0001854587
000165495424003953,eng_10k.htm,2024-03-29,10-K,0000933738
000168386324008662,f40050d0.htm,2024-11-27,497,0001039803
000121390024113993,ea0226246-f4a1_scisparc.htm,2024-12-31,F-4/A,0001611746
000144554624001839,fam_ncsr.htm,2024-03-08,N-CSR,0001302624
000117891324000920,zk2431081.htm,2024-03-13,20-F,0001654126
000114036124010463,ef20015312_20f.htm,2024-02-29,20-F,0001720161
000110465924031647,glog-20231231x20f.htm,2024-03-07,20-F,0001534126
000117891324000849,zk2431067.htm,2024-03-06,20-F,0001504379
000121390024027359,ea0202584-20f_railvision.htm,2024-03-28,20-F,0001743905
000082148324000008,parr-20231231.htm,2024-02-29,10-K,0000821483
000121390024025533,ea0202091-20f_saver.htm,2024-03-25,20-F,0001894693
000149315224013203,form20-f.htm,2024-04-04,20-F,0001595353
000095017024118270,aesi-20240930.htm,2024-10-29,10-Q,0001984060
000143774924037325,znog20241209c_424b5.htm,2024-12-12,424B5,0001131312
000095017024019053,udn-20231231.htm,2024-02-23,10-K,0001383149
000095017024019053,udn-20231231.htm,2024-02-23,10-K,0001371571
000117891324003790,zk2432371.htm,2024-11-21,424B5,0001498403
000155280024000005,ttsh-20231231x10k.htm,2024-02-29,10-K,0001552800
000095017024019054,dbp-20231231.htm,2024-02-23,10-K,0001383057
000095017024019054,dbp-20231231.htm,2024-02-23,10-K,0001367306
000091854124000020,nnbr-20231231.htm,2024-03-12,10-K,0000918541
000160003324000050,elf-20240930.htm,2024-11-07,10-Q,0001600033
000095017024042054,mnkd_ars_10k_2023_1231.pdf,2024-04-05,ARS,0000899460
000010182924000027,rtx-20240630.htm,2024-07-25,10-Q,0000101829
000119312524150627,d842343d424b7.htm,2024-05-31,424B7,0001655891
000110465924051968,tm2412726d1_ars.pdf,2024-04-25,ARS,0001552800
000143510924000085,primary-document.htm,2024-03-05,N-CSR,0000101507
000119312524153070,d842343d424b7.htm,2024-06-03,424B7,0001655891
000095017024019057,dbo-20231231.htm,2024-02-23,10-K,0001383058
000095017024019057,dbo-20231231.htm,2024-02-23,10-K,0001367306
000162828024046065,ora-20240930.htm,2024-11-07,10-Q,0001296445
000095017024091945,aesi-20240630.htm,2024-08-06,10-Q,0001984060
000117891324000910,zk2431063.htm,2024-03-12,20-F,0001835654
000160690924000043,panl-20231231.htm,2024-03-14,10-K,0001606909
000095017024021423,mnkd-20231231.htm,2024-02-27,10-K,0000899460
000114036124033100,ny20016798x24_424b4.htm,2024-07-15,424B4,0001995574
000117891324000774,zk2431039.htm,2024-02-29,20-F,0001801834
000114036124032813,ny20016798x19_f1a.htm,2024-07-10,F-1/A,0001995574
000114036124028410,ny20016798x12_f1a.htm,2024-05-31,F-1/A,0001995574
000114036124029832,ny20016798x13_f1a.htm,2024-06-12,F-1/A,0001995574
000121390024037878,ea0204570-20f_enlivex.htm,2024-04-30,20-F,0001596812
000095017024019052,dbe-20231231.htm,2024-02-23,10-K,0001383062
000095017024019052,dbe-20231231.htm,2024-02-23,10-K,0001367306
000119312524182884,d815822d424b5.htm,2024-07-23,424B5,0001289877
000114036124032010,ny20016798x15_f1a.htm,2024-07-01,F-1/A,0001995574
000185093824000007,wti1012312023_workivafinal.pdf,2024-04-04,ARS,0001850938
000121390024039103,ea020420901ex99-1_scisparc.htm,2024-05-02,EX-99.1,0001611746
000083746524000016,ely-20231231.htm,2024-02-29,10-K,0000837465
000114036124016689,filename1.htm,2024-04-01,DRS/A,0001995574
000095017024019060,dba-20231231.htm,2024-02-23,10-K,0001383082
000095017024019060,dba-20231231.htm,2024-02-23,10-K,0001367306
000095017024019059,dbc-20231231.htm,2024-02-23,10-K,0001328237
000095017024019050,dbb-20231231.htm,2024-02-23,10-K,0001383084
000095017024019050,dbb-20231231.htm,2024-02-23,10-K,0001367306
000119312524184950,d815822d424b5.htm,2024-07-25,424B5,0001289877
000128987724000009,sfl-20231231.htm,2024-03-14,20-F,0001289877
000114036124025864,ny20016798x10_f1.htm,2024-05-14,F-1,0001995574
000117891324001124,zk2431185.htm,2024-03-28,20-F,0001534248
000095017024019064,uup-20231231.htm,2024-02-23,10-K,0001383151
000095017024019064,uup-20231231.htm,2024-02-23,10-K,0001371571
000121390024017526,ea0200391-f1_scisparcltd.htm,2024-02-27,F-1,0001611746
000121390024035744,filename1.htm,2024-04-24,DRS,0002018529
000149315224011813,form10-k.htm,2024-03-29,10-K,0001642375
000182912624003405,holdme_20f.htm,2024-05-15,20-F,0001853630
000142843924000019,roku-20240331.htm,2024-04-26,10-Q,0001428439
000103120324000023,ars.pdf,2024-04-05,ARS,0001031203
000117891324003927,zk2432437.htm,2024-12-06,424B4,0001598110
000121390024039194,ea0205194-425_scisparc.htm,2024-05-02,425,0001611746
000149315224011341,form10-k.htm,2024-03-26,10-K,0001577445
000121390024029586,ea0202979-20f_icecure.htm,2024-04-03,20-F,0001584371
000114036124050618,filename1.htm,2024-12-31,DRS,0001995574
000121390024098931,ea0201967-09.htm,2024-11-15,F-1/A,0002018529
000149315224032018,formf-1a.htm,2024-08-14,F-1/A,0001957001
000149315224017348,form20-f.htm,2024-05-01,20-F,0001857030
000184273124000012,smwb-20231231.htm,2024-02-28,20-F,0001842731
000117891324001137,zk2431172.htm,2024-03-28,20-F,0001574565
000121390024089352,ea0201967-07.htm,2024-10-21,F-1/A,0002018529
000117891324001095,zk2431202.htm,2024-03-26,20-F/A,0001498403
000121390024082318,ea0213908-f4_scisparc.htm,2024-09-26,F-4,0001611746
000121390024019243,ea0200393-20f_beamr.htm,2024-03-04,20-F,0001899005
000117891324001148,zk2431184.htm,2024-03-28,20-F,0001835963
000117891324001075,zk2431178.htm,2024-03-26,20-F,0001498403
000121390024105533,ea0201967-11.htm,2024-12-04,F-1/A,0002018529
000149315224029148,formf-1.htm,2024-07-26,F-1,0001957001
000182481424000020,cgnt-20240131.htm,2024-04-09,20-F,0001824814
000185111224000010,rskd-20231231.htm,2024-03-06,20-F,0001851112
000121390024108732,ea0201967-13.htm,2024-12-13,F-1/A,0002018529
000142843924000034,roku-20240630.htm,2024-08-02,10-Q,0001428439
000103089424000009,cls-20231231.htm,2024-03-11,20-F,0001030894
000172312824000014,amrx-20231231.htm,2024-03-14,10-K,0001723128
000149315224034381,formf-1a.htm,2024-08-29,F-1/A,0001957001
000121390024026229,ea0202430-10k_gamida.htm,2024-03-27,10-K,0001600847
000149315224002098,forms-1.htm,2024-01-11,S-1,0001789192
000149315224033749,formf-1a.htm,2024-08-23,F-1/A,0001957001
000103120324000013,gpi-20231231.htm,2024-02-14,10-K,0001031203
000095017024083115,culp-20240428.htm,2024-07-12,10-K,0000723603
000185093824000002,wti-20231231.htm,2024-03-15,10-K,0001850938
000121390024030439,ea0202964-20f_neuro.htm,2024-04-04,20-F,0001875091
000142843924000042,roku-20240930.htm,2024-10-31,10-Q,0001428439
000185781624000066,gct-20231231.htm,2024-03-27,10-K,0001857816
000149315224013777,forms-1a.htm,2024-04-08,S-1/A,0001577445
000114036124014377,gsl-20231231.htm,2024-03-20,20-F,0001430725
000095017024099759,2024_form_ars.pdf,2024-08-22,ARS,0000723603
000121390024043687,ea0205739-20f_formula.htm,2024-05-15,20-F,0001045986
000149315224008362,form10-k.htm,2024-02-29,10-K,0001534675
000149315224038332,forms-1a.htm,2024-09-26,S-1/A,0001487718
000121390024028176,ea0202881-20f_bosbetter.htm,2024-04-01,20-F,0001005516
000101376224001513,filename1.htm,2024-07-26,DRS/A,0002018529
000119312524081678,d662776d424b3.htm,2024-03-29,424B3,0001415311
000149315224025754,forms-1a.htm,2024-07-01,S-1/A,0000793171
000149315224030726,forms-1a.htm,2024-08-08,S-1/A,0000793171
000155837024008069,apre-20240331x10q.htm,2024-05-14,10-Q,0001781983
000121390024034901,ea0203783-20f_xylotech.htm,2024-04-22,20-F,0001618500
000187278924000037,embc-20240930.htm,2024-12-11,10-K,0001872789
000110465924034994,glbs-20231231.htm,2024-03-15,20-F,0001499780
000121390024082814,ea0201967-05.htm,2024-09-27,F-1,0002018529
000117891324001024,zk2431140.htm,2024-03-21,20-F,0001030997
000095017024125528,talo-20231231.htm,2024-11-12,10-K/A,0001724965
000143774924005322,ora20231231_10k.htm,2024-02-23,10-K,0001296445
000155837024005900,viao-20221231x20f.htm,2024-04-26,20-F,0001769116
000144554624001972,vit_ncsr.htm,2024-03-11,N-CSR,0001537395
000162828024018211,ltbars.pdf,2024-04-25,ARS,0000874396
000149315224023504,forms-1a.htm,2024-06-11,S-1/A,0001487718
000149315224031370,forms-1a.htm,2024-08-12,S-1/A,0001487718
000155837024015433,lqda-20240930x10q.htm,2024-11-13,10-Q,0001819576
000119312524203687,d879075d424b3.htm,2024-08-20,424B3,0001419945
000149315224031261,forms424b3.htm,2024-08-12,424B3,0001577445
000149315224024954,forms-1a.htm,2024-06-24,S-1/A,0001577445
000121390024028859,ea0202882-20f_scisparc.htm,2024-04-01,20-F,0001611746
000119312524062361,d740797dposam.htm,2024-03-07,POS AM,0001415311
000149315224008850,form10-k.htm,2024-03-05,10-K,0001433607
000162828024010568,lcut-20231231.htm,2024-03-12,10-K,0000874396
000117184324001696,f20f_031424.htm,2024-03-28,20-F,0001505065
000121390024012686,ea193412-s1_american.htm,2024-02-12,S-1,0001487718
000121390024091966,ea021895001-424b4_polyrizon.htm,2024-10-30,424B4,0001893645
000095017024044926,ars_2023_10-k_xper.pdf,2024-04-17,ARS,0001788999
000119312524207146,d834327d424b3.htm,2024-08-26,424B3,0001328237
000149315224029917,forms-1a.htm,2024-08-01,S-1/A,0001577445
000121390024091968,ea021895002-424b4_polyrizon.htm,2024-10-30,424B4,0001893645
000121390024113515,ea0226156-f1_polyrizon.htm,2024-12-30,F-1,0001893645
000117891324003323,zk2432152.htm,2024-10-16,424B3,0002022416
000117184324006440,ntic20240831_10k.htm,2024-11-19,10-K,0000875582
000121390024045148,ea0205304-f1a5_polyrizonltd.htm,2024-05-20,F-1/A,0001893645
000162828024052099,live-20240930.htm,2024-12-19,10-K,0001045742
000119312524207141,d806797d424b3.htm,2024-08-26,424B3,0001367306
000119312524207141,d806797d424b3.htm,2024-08-26,424B3,0001383084
000119312524207155,d830823d424b3.htm,2024-08-26,424B3,0001367306
000119312524207155,d830823d424b3.htm,2024-08-26,424B3,0001383058
000119312524207151,d803762d424b3.htm,2024-08-26,424B3,0001367306
000119312524207151,d803762d424b3.htm,2024-08-26,424B3,0001383062
000119312524207135,d784870d424b3.htm,2024-08-26,424B3,0001367306
000119312524207135,d784870d424b3.htm,2024-08-26,424B3,0001383082
000121390024034697,f20f2023_nanoximaging.htm,2024-04-22,20-F,0001795251
000110465924037300,tm242622d3_ars.pdf,2024-03-21,ARS,0001680247
000144554624001961,adex2_ncsr.htm,2024-03-11,N-CSR,0001510337
000119312524195994,d879075df4.htm,2024-08-07,F-4,0001419945
000149315224007212,forms-1a.htm,2024-02-20,S-1/A,0001577445
000119312524207165,d805696d424b3.htm,2024-08-26,424B3,0001367306
000119312524207165,d805696d424b3.htm,2024-08-26,424B3,0001383057
000121390024078738,ea0214616-f1a9_polyrizonltd.htm,2024-09-16,F-1/A,0001893645
000149315224010214,form10-k.htm,2024-03-18,10-K,0001429764
000119312524172442,d805696ds3.htm,2024-06-28,S-3,0001367306
000119312524172442,d805696ds3.htm,2024-06-28,S-3,0001383057
000119312524125429,d623781dn2a.htm,2024-05-01,N-2/A,0002002660
000149315224015197,formars.pdf,2024-04-18,ARS,0001433607
000121390024026947,ea0202482-20f_canfite.htm,2024-03-28,20-F,0001536196
000121390024080881,ea0215339-f1a10_polyrizonltd.htm,2024-09-23,F-1/A,0001893645
000117891324003246,zk2432099.htm,2024-10-09,S-1,0002022416
000119312524026301,d623781dn2.htm,2024-02-07,N-2,0002002660
000117891324000628,zk2431004.htm,2024-02-16,424B3,0001553846
000121390024079918,ea0214991-424b3_silexion.htm,2024-09-18,424B3,0002022416
000121390024069118,ea0211091-f1a6_polyrizonltd.htm,2024-08-14,F-1/A,0001893645
000119312524172440,d830823ds3.htm,2024-06-28,S-3,0001367306
000119312524172440,d830823ds3.htm,2024-06-28,S-3,0001383058
000121390024089668,ea0217509-20fa1_hubcyber.htm,2024-10-22,20-F/A,0001905660
000168386324008832,f39896d1.htm,2024-12-09,485APOS,0001063946
000095017024021415,crsr-20231231.htm,2024-02-27,10-K,0001743759
000119312524203730,d799217ds1a.htm,2024-08-20,S-1/A,0001371571
000119312524203730,d799217ds1a.htm,2024-08-20,S-1/A,0001383149
000119312524203747,d839555ds3a.htm,2024-08-20,S-3/A,0001371571
000119312524203747,d839555ds3a.htm,2024-08-20,S-3/A,0001383151
000152812924000098,a2023form10-kars.pdf,2024-04-08,ARS,0001528129
000121390024077039,ea0213654-s1_silexion.htm,2024-09-10,S-1,0002022416
000119312524172435,d806797ds3.htm,2024-06-28,S-3,0001367306
000119312524172435,d806797ds3.htm,2024-06-28,S-3,0001383084
000141057824000381,sach-20231231x10k.htm,2024-04-01,10-K,0001682220
000119312524203740,d830823ds3a.htm,2024-08-20,S-3/A,0001367306
000119312524203740,d830823ds3a.htm,2024-08-20,S-3/A,0001383058
000089992324000018,mygn-20231231.htm,2024-02-28,10-K,0000899923
000119312524172437,d803762ds3.htm,2024-06-28,S-3,0001367306
000119312524172437,d803762ds3.htm,2024-06-28,S-3,0001383062
000119312524172432,d799217ds1.htm,2024-06-28,S-1,0001371571
000119312524172432,d799217ds1.htm,2024-06-28,S-1,0001383149
000121390024081687,ea0215636-f1a11_polyrizonltd.htm,2024-09-25,F-1/A,0001893645
000149315224012356,form10-k.htm,2024-04-01,10-K,0001789192
000168024724000051,pump-20231231.htm,2024-03-13,10-K,0001680247
000095017024034765,tygo-20231231.htm,2024-03-21,10-K,0001855447
000119312524203739,d803762ds3a.htm,2024-08-20,S-3/A,0001367306
000119312524203739,d803762ds3a.htm,2024-08-20,S-3/A,0001383062
000119312524207167,d839555d424b3.htm,2024-08-26,424B3,0001371571
000119312524207167,d839555d424b3.htm,2024-08-26,424B3,0001383151
000168386324008361,f39980d1.htm,2024-11-18,485APOS,0001174610
000121390024070066,ea0210187-20f_hubcyber.htm,2024-08-16,20-F,0001905660
000121390024084706,ea0216243-f1a12_polyrizonltd.htm,2024-10-02,F-1/A,0001893645
000121390024076991,ea0213861-f1a8_polyrizonltd.htm,2024-09-09,F-1/A,0001893645
000119312524203736,d806797ds3a.htm,2024-08-20,S-3/A,0001367306
000119312524203736,d806797ds3a.htm,2024-08-20,S-3/A,0001383084
000095017024023915,xper-20231231.htm,2024-03-01,10-K,0001788999
000119312524172438,d839555ds3.htm,2024-06-28,S-3,0001371571
000119312524172438,d839555ds3.htm,2024-06-28,S-3,0001383151
000095017024034829,tygo_q4_2023_-_form_424b.htm,2024-03-21,424B3,0001855447
000119312524203734,d784870ds3a.htm,2024-08-20,S-3/A,0001367306
000119312524203734,d784870ds3a.htm,2024-08-20,S-3/A,0001383082
000155837024004806,rdhl-20231231x20f.htm,2024-04-08,20-F,0001553846
000119312524172434,d784870ds3.htm,2024-06-28,S-3,0001367306
000119312524172434,d784870ds3.htm,2024-06-28,S-3,0001383082
000110465924093981,tm2421805d2_ars.pdf,2024-08-28,ARS,0001682220
000095017024042262,tygo_-_ars_2023.pdf,2024-04-05,ARS,0001855447
000119312524203737,d834327ds3a.htm,2024-08-20,S-3/A,0001328237
000119312524207166,d799217d424b3.htm,2024-08-26,424B3,0001371571
000119312524207166,d799217d424b3.htm,2024-08-26,424B3,0001383149
000121390024075253,ea0213182-f1a7_polyrizonltd.htm,2024-09-04,F-1/A,0001893645
000119312524172430,d834327ds3.htm,2024-06-28,S-3,0001328237
000089992324000024,mygn-20231231_10kwaddend.htm,2024-04-17,ARS,0000899923
000142843924000011,roku-20231231.htm,2024-02-16,10-K,0001428439
000119312524203742,d805696ds3a.htm,2024-08-20,S-3/A,0001367306
000119312524203742,d805696ds3a.htm,2024-08-20,S-3/A,0001383057
000168386324009485,f40351d1.htm,2024-12-23,485BPOS,0001039803
000117891324000425,zk2430909.htm,2024-02-09,F-1,0001553846
000168386324008362,f39979d1.htm,2024-11-18,485APOS,0001174610
000117891324001297,zk2431170.htm,2024-04-10,20-F,0001365767
000149315224016826,form20-f.htm,2024-04-29,20-F,0001957001
000119312524100823,d810459dars.pdf,2024-04-18,ARS,0001690334
000129281424001448,brfform20f_2023.htm,2024-04-19,20-F,0001122491
000119312524196799,d880616d10q.htm,2024-08-08,10-Q,0001415311
000168386324008449,f40016d1.htm,2024-11-22,485APOS,0001174610
000121390024041095,ea0204980-20f_pvnano.htm,2024-05-09,20-F,0001627480
000160448124000008,eurn-20231231.htm,2024-04-11,20-F,0001604481
000117891324000649,zk2430914.htm,2024-02-20,20-F,0001109345
000155485524000295,ugp-20231231.htm,2024-04-23,20-F,0001094972
000143774924010102,trlc20240328_10k.htm,2024-03-29,10-K,0001550453
000119312524261004,d890939d10q.htm,2024-11-18,10-Q,0001415311
000149315224035112,forms-1a.htm,2024-09-05,S-1/A,0000793171
000119312524261001,d897655d10qa.htm,2024-11-18,10-Q/A,0001415311
000121390024024822,ea0201876-20f_parazero.htm,2024-03-21,20-F,0001916241
000149315224048327,filename1.htm,2024-12-02,DRS,0001804468
000117891324001474,zk2431324.htm,2024-04-30,20-F,0000916793
000110465924097748,tm248591d1_ncsrs.htm,2024-09-06,N-CSRS,0001039803
000149315224033726,forms-1a.htm,2024-08-23,S-1/A,0000793171
000152812924000076,vtle-20231231.htm,2024-03-11,10-K,0001528129
000149315224022428,formars.pdf,2024-06-03,ARS,0001429764
000141057824000410,snpx-20231231x10k.htm,2024-04-01,10-K,0001571934
000121390024037851,ea0203571-20f_steak.htm,2024-04-30,20-F,0001828098
000149315224049832,forms-1.htm,2024-12-12,S-1,0001577445
000195945524000021,hshp-20231231.htm,2024-03-27,20-F,0001959455
000089418924002787,ck0000918942-20231231.htm,2024-04-29,485BPOS,0000918942
000119312524170917,d623781dn2a.htm,2024-06-28,N-2/A,0002002660
000117891324001251,zk2431117.htm,2024-04-08,20-F,0001338940
000119312524284373,d919659d485bpos.htm,2024-12-26,485BPOS,0001040587
000095017024023158,smhi-20231231.htm,2024-02-29,10-K,0001690334
000119312524176541,d623781dn2a.htm,2024-07-09,N-2/A,0002002660
000121390024027207,ea0201862-20f_kornit.htm,2024-03-28,20-F,0001625791
000117891324000697,zk2430936.htm,2024-02-22,20-F,0001762301
000195945524000044,himalayashippingltd31dec.htm,2024-06-10,EX-99.3,0001959455
000168386324006114,f39759d1.htm,2024-10-28,485BPOS,0001174610
000149315224005253,form424b3.htm,2024-02-07,424B3,0001789192
000194405724000008,clco-20231231.htm,2024-03-28,20-F,0001944057
000119312524188275,d623781dn2a.htm,2024-07-30,N-2/A,0002002660
000121390024092156,ea0217031-20f_critical.htm,2024-10-30,20-F,0001951089
000110465924114032,tm2426824d3_ars.pdf,2024-11-05,ARS,0001571934
000103526724000118,a2023formarsv3.pdf,2024-03-08,ARS,0001035267
000130428024000024,nvl-20240331.htm,2024-05-06,10-K,0001304280
000121390024026942,ea0202461-20f_arberobo.htm,2024-03-28,20-F,0001861841
000121390024053333,ea0207921-03.pdf,2024-06-17,ARS,0001739174
000114036124016853,ef20015317_10k.htm,2024-04-01,10-K,0001707919
000095017024048412,rvmd-ars-2024.pdf,2024-04-25,ARS,0001628171
000023055724000005,sigi-20231231.htm,2024-02-09,10-K,0000230557
000148615924000007,chrd-20231231.htm,2024-02-26,10-K,0001486159
000168386324009535,f40368d1.htm,2024-12-27,485APOS,0001174610
000095017024021622,nvx-20231231.htm,2024-02-28,20-F,0001859795
000114036124016265,ef20015299_10k.htm,2024-03-28,10-K,0001472091
000095017024020145,rvmd-20231231.htm,2024-02-26,10-K,0001628171
000121390024030053,ea0202988-10k_biomx.htm,2024-04-04,10-K,0001739174
000117891324001034,zk2431141.htm,2024-03-21,20-F,0001119769
000149315224004673,forms-1a.htm,2024-02-02,S-1/A,0001789192
000103526724000021,isrg-20231231.htm,2024-01-31,10-K,0001035267
000095012324008923,filename1.htm,2024-08-22,DRS,0002029471
000095017024022540,talo-20231231.htm,2024-02-29,10-K,0001724965
000114036124022691,ny20022238x4_ars.pdf,2024-04-29,ARS,0001472091
000117891324000937,zk2431095.htm,2024-03-13,20-F,0001598110
000155837024003886,apre-20231231x10k.htm,2024-03-26,10-K,0001781983
000155837024004151,drio-20231231x10k.htm,2024-03-28,10-K,0001533998
000155837024005684,apre-20231231xars.pdf,2024-04-25,ARS,0001781983
000095017024005395,birk-20230930.htm,2024-01-18,20-F,0001977102
000121390024042337,ea0205700-20f_magic.htm,2024-05-13,20-F,0000876779
000119312524098617,d693704dars.pdf,2024-04-17,ARS,0001724965
000117891324000746,zk2431012.htm,2024-02-28,20-F,0001901279
000114036124015592,ny20009914x7_20fr12b.htm,2024-03-27,20FR12B,0001815779
000114036124016834,ny20009914x8_20fr12ba.htm,2024-04-01,20FR12B/A,0001815779
000095017024036478,alur-20231231.htm,2024-03-26,10-K,0001964979
000157678924000011,wix-20231231.htm,2024-03-22,20-F,0001576789
000162828024013209,borr-20231231.htm,2024-03-27,20-F,0001715497
000117891324000818,zk2431047.htm,2024-03-05,20-F,0001119774
000114036124019755,ef20015286_20f.htm,2024-04-15,20-F,0001869467
000095012324009436,filename1.htm,2024-09-30,DRS/A,0002029471
000129281424001340,pbrform20f_2023.htm,2024-04-12,20-F,0001119639
000117891324001020,zk2431143.htm,2024-03-21,20-F,0001593984
000120677424000605,mimif4329101-ncsr.htm,2024-06-05,N-CSR,0000883622
000114036124012318,filename1.htm,2024-03-08,DRS/A,0001815779
000162828024013211,ree-20231231.htm,2024-03-27,20-F,0001843588
000117184324002343,esea20231231_20f.htm,2024-04-30,20-F,0001341170
000095017024137610,birk-20240930.htm,2024-12-18,20-F,0001977102
000157587224000641,ms034_s1.htm,2024-06-10,S-1,0001611282
000113322824005653,absf-html7946_485bpos.htm,2024-05-24,485BPOS,0001096012
000117891324001078,zk2431142.htm,2024-03-26,20-F,0001611005
000095012324002905,filename1.htm,2024-03-18,DRS/A,0001868159
000157587224000765,ms035_s1a.htm,2024-07-11,S-1/A,0001611282
000110465924001719,filename1.htm,2024-01-05,DRS,0001649313
000155837024001616,arlp-20231231x10k.htm,2024-02-23,10-K,0001086600
000095017024124192,alur_ars_2024.pdf,2024-11-08,ARS,0001964979
000113322824010265,abnoff-efp11230_485bpos.htm,2024-11-14,485BPOS,0000809593
000110465924031179,tmb-20231231x20f.htm,2024-03-06,20-F,0001907085
000121390024110663,ea0225191-10ka1_rafael.htm,2024-12-20,10-K/A,0001713863
000119312524283380,d829471df4.htm,2024-12-23,F-4,0002029471
000113322824005650,abf-html7943_485bpos.htm,2024-05-24,485BPOS,0000809593
000121390024074026,ea0212856-s1a2_pishposh.htm,2024-08-30,S-1/A,0001611282
000113322824007696,abf-html8186_485apos.htm,2024-08-14,485APOS,0000809593
000121390024041614,ea0202371-01.htm,2024-05-10,S-1,0002020987
000095012324011987,filename1.htm,2024-11-15,DRS/A,0002029471
000121390024043550,ea0205895-20f_check.htm,2024-05-15,20-F,0001610590
000121390024079960,ea0202371-13.htm,2024-09-18,424B4,0002020987
000121390024077192,ea0202371-11.htm,2024-09-10,POS AM,0002020987
000114062524000034,exhibit154.htm,2024-03-21,EX-15,0001140625
000114062524000038,exhibit154.htm,2024-03-21,EX-15,0001140625
000110465924034990,tm247561-8_424b4.htm,2024-03-15,424B4,0001907085
000095012324003243,filename1.htm,2024-04-12,DRS/A,0001868159
000165589124000014,trmd-20231231.htm,2024-03-07,20-F,0001655891
000121390024054218,ea0202371-02.htm,2024-06-20,S-1/A,0002020987
000119312524168623,d577649ds11.htm,2024-06-26,S-11,0001868159
000119312524179334,d577649ds11a.htm,2024-07-16,S-11/A,0001868159
000162828024044479,hmy-20240630.htm,2024-10-31,20-F,0001023514
000119312524147577,d354694df1a.htm,2024-05-28,F-1/A,0001304280
000121390024041383,ea0205334-01.htm,2024-05-09,S-4,0002022416
000113322824011451,abf-efp12686_485bpos.htm,2024-12-23,485BPOS,0000809593
000121390024031166,ea0202289-20f_internat.htm,2024-04-08,20-F,0001794338
000121390024020767,ea0200770-20f_alphatau.htm,2024-03-07,20-F,0001871321
000114062524000034,eqnr20231231.pdf,2024-03-21,20-F,0001140625
000162828024022738,ambi-20231231.htm,2024-05-13,20-F,0001937441
000119312524181920,d577649ds11a.htm,2024-07-22,S-11/A,0001868159
000095012324006120,filename1.htm,2024-06-05,DRS/A,0001868159
000119312524100785,d806661d20f.htm,2024-04-18,20-F,0001826286
000119312524185331,d577649d424b4.htm,2024-07-26,424B4,0001868159
000117494724000913,ea0202371-06.htm,2024-07-30,S-1/A,0002020987
000121390024073215,ea0202371-10.htm,2024-08-28,POS AM,0002020987
000095017024027928,stvn-20231231.htm,2024-03-07,20-F,0001849853
000117891324003417,zk2432189.htm,2024-10-31,S-1,0002022416
000095012324003811,filename1.htm,2024-05-06,DRS/A,0001868159
000110465924033463,odd-20231231xf1.htm,2024-03-12,F-1,0001907085
000110465924031240,filename1.htm,2024-03-06,DRS,0001907085
000121390024064537,ea0202371-08.htm,2024-08-02,S-1/A,0002020987
000182912624003404,nuvogroup_20f.htm,2024-05-15,20-F,0001990145
000121390024060917,ea0202371-04.htm,2024-07-12,S-1/A,0002020987
000119312524152293,d354694df1a.htm,2024-06-03,F-1/A,0001304280
000119312524137299,d354694df1.htm,2024-05-13,F-1,0001304280
000139834424014116,primary-document.htm,2024-08-08,N-CSR,0001174610
000110465924106614,tm2423328d1_ncsr.htm,2024-10-07,N-CSR,0001039803
000121390024113211,ea0226019-01.htm,2024-12-30,F-4,0001783036
000121390024055263,ea0205334-02.htm,2024-06-24,S-4/A,0002022416
000095012324003073,filename1.htm,2024-04-04,DRS/A,0001304280
000113322824007724,abf-html8250_n14.htm,2024-08-14,N-14,0000809593
000119312524165786,d767015dposam.htm,2024-06-21,POS AM,0001964979
000119312524075258,d767704dex991.htm,2024-03-22,EX-99.1,0001076378
000119312524233811,d837986d424b5.htm,2024-10-07,424B5,0001964979
000119312524165810,d843161dposam.htm,2024-06-21,POS AM,0001964979
000095012324002671,filename1.htm,2024-02-15,DRS/A,0001304280
000113322824009193,abf-efp1016_497.htm,2024-09-30,497,0000809593
000095012324006019,filename1.htm,2024-05-28,DRS,0001964979
000110465924055011,heps-20231231x20f.htm,2024-04-30,20-F,0001850235
000129281424001607,afyaform20f_2023.htm,2024-04-26,20-F,0001771007
000119312524151994,d831153ds1.htm,2024-05-31,S-1,0001964979
000110465924113475,tm2423328d1_ncsra.htm,2024-11-01,N-CSR/A,0001039803
000119312524172223,d815112d424b4.htm,2024-06-28,424B4,0001964979
000157587224000330,cik0001004156-20231231.htm,2024-04-05,20-F,0001004156
000121390024061953,ea0205334-09.htm,2024-07-17,424B3,0002022416
000119312524161092,d839651dex99cviii.htm,2024-06-14,EX-99.(C)(VIII),0000852555
000119312524161092,d839651dex99cviii.htm,2024-06-14,EX-99.(C)(VIII),0001244818
000119312524168259,d815112ds1.htm,2024-06-26,S-1,0001964979
000119312524229059,d837986ds1a.htm,2024-09-30,S-1/A,0001964979
000121390024061050,ea0205334-06.htm,2024-07-12,S-4/A,0002022416
000121390024059521,ea0205334-04.htm,2024-07-05,S-4/A,0002022416
000121390024061956,ea0209519-01.htm,2024-07-17,DEFM14A,0001835416
000168386324005553,f39402d1.htm,2024-09-26,485BPOS,0001174610
000119312524273671,d915839ds1.htm,2024-12-10,S-1,0001964979
000121390024048800,ea0206502-s1_ilearning.htm,2024-06-03,S-1,0001835972
000101376224000503,ea0209688-s1a2_ilearning.htm,2024-07-22,S-1/A,0001835972
000121390024067780,ea0211153-424b3_ilearning.htm,2024-08-12,424B3,0001835972
000114036124006624,filename1.htm,2024-02-09,DRS/A,0001815779
000182912624003756,nuvogroup_f1.htm,2024-05-24,F-1,0001990145
000130817924000316,lora2023_ars.pdf,2024-03-27,ARS,0001296445
000160548424000022,stellantis-20231231.htm,2024-02-22,20-F,0001605484
000121390024057506,ea0208686-s1a1_ilearning.htm,2024-07-01,S-1/A,0001835972
000155837024005935,supv-20231231x20f.htm,2024-04-26,20-F,0001517399
000182912624004668,nuvogroup_f1a2.htm,2024-07-09,F-1/A,0001990145
000182912624004493,nuvogroup_f1.htm,2024-06-28,F-1,0001990145
000182912624004259,nuvogroup_f1a.htm,2024-06-17,F-1/A,0001990145
000113322824009731,abf-efp10878_485bpos.htm,2024-10-28,485BPOS,0000809593
000168386324008584,f39966d1.htm,2024-11-26,485BPOS,0001039803
000114036124021786,ef20018743_20f.htm,2024-04-24,20-F,0001001290
000121390024075342,ea0212354-01.htm,2024-09-04,F-4,0002034526
000141057824000515,ec-20231231x20f.htm,2024-04-18,20-F,0001444406
000129281424000531,bsbrform20f_2023.htm,2024-02-26,20-F,0001471055
000121390024093488,ea0212354-04.htm,2024-11-01,F-4/A,0002034526
000121390024020504,ea0200972-04.htm,2024-03-06,DEFM14A,0001007019
000121390024095999,ea0212354-08.htm,2024-11-08,424B3,0002034526
000115950824000025,db20240315991.htm,2024-03-18,EX-1,0001159508
000121390024087801,ea0212354-02.htm,2024-10-15,F-4/A,0002034526
000121390024014703,ff42024a2_deltacorp.htm,2024-02-16,F-4/A,0001948292
000121390024095148,ea0212354-06.htm,2024-11-07,F-4/A,0002034526
000121390024003535,ff42023a1_deltacorp.htm,2024-01-16,F-4/A,0001948292
000124342924000005,mt-20231231.htm,2024-02-28,20-F,0001243429
000121390024018911,ea0200972-01.htm,2024-03-01,F-4/A,0001948292
000121390024020444,ea0200972-03.htm,2024-03-06,424B3,0001948292
000121390024082873,filename1.htm,2024-09-30,DRS,0001948292
000168386324008311,f39853d1.htm,2024-11-13,497,0001174610
000121390024106612,filename1.htm,2024-12-09,DRS/A,0001948292
000113322824004873,abf-html7780_485bpos.htm,2024-04-29,485BPOS,0000809593
000115950824000021,deutschebankag-20231231.htm,2024-03-14,20-F,0001159508
000101376224003379,ea0200032-05.htm,2024-08-01,F-4/A,0001913847
000182912624001702,filename1.htm,2024-03-19,DRS,0002009342
000121390024064688,ea0200032-07.htm,2024-08-02,F-4/A,0001913847
000121390024096915,ea0200032-12.htm,2024-11-12,424B3,0001913847
000121390024096942,ea0220890-01.htm,2024-11-12,DEFM14A,0001843993
000121390024087353,ea0200032-08.htm,2024-10-11,F-4/A,0001913847
000121390024034415,filename1.htm,2024-04-19,DRS/A,0001913847
000121390024040369,ea0200032-03.htm,2024-05-07,F-4,0001913847
000121390024019635,ea0201086-01.htm,2024-03-04,DEFM14A,0001879297
000121390024095374,ea0200032-10.htm,2024-11-07,F-4/A,0001913847
000182912624003423,sdcledgeacq_f4.htm,2024-05-16,F-4,0002009342
000182912624000208,nuvogroup_f4a2.htm,2024-01-16,F-4/A,0001990145
000110465924117597,tm2426910-3_f4.htm,2024-11-13,F-4,0002042648
000182912624000862,nuvogroup_f4a3.htm,2024-02-09,F-4/A,0001990145
000182912624001195,nuvogroup_f4a5.htm,2024-02-29,F-4/A,0001990145
000110465924132385,tm2426910-5_f4a.htm,2024-12-30,F-4/A,0002042648
000182912624001142,nuvogroup_f4a4.htm,2024-02-28,F-4/A,0001990145
000182912624001258,nuvogroup_424b3.htm,2024-03-01,424B3,0001990145
000182912624004376,sdcledgeacq_f4a.htm,2024-06-21,F-4/A,0002009342
000089147824000038,san-20231231.htm,2024-02-21,20-F,0000891478
